target_stock,r2,n_obs
10104,0.0840984958099189,191
10145,0.03937034751171875,191
10138,0.03768728100170793,191
10107,0.02887625691363338,191
